{
  "basics": {
    "name": "Mutlu Koçak",
    "label": "Software Engineer",
    "email": "mtkocak@gmail.com",
    "phone": "+42(077) 525-9871",
    "location": {
      "address": "Parizska 5, Praha 1 \n110 00\nPrague\nCzech Republic",
      "region": "Prague"
    },
    "profiles": [
      {
        "network": "Mutlu Kocak",
        "url": "http://mtkocak.net"
      }
    ]
  },
  "work": [
    {
      "company": "McKinsey & Company",
      "position": "Senior Software Engineer",
      "website": "http://",
      "startDate": "2018-03-01",
      "endDate": "2019-06-01",
      "summary": "- Worked as full-stack engineer for development of web applications. (React, node.js, ELM)\n\n- Tech lead for development of the new McKinsey Design System used worldwide. (React, Webpack, SASS)"
    },
    {
      "company": "Massive Interactive",
      "position": "Software Engineer",
      "website": "http://massive.co",
      "startDate": "2015-09-01",
      "endDate": "2016-09-01",
      "summary": "Responsibilities\n- Front End Engineer\n- Develop​ment of Native plugins for Cordova Applications\nTechnologies and methodologies used​\n- Haxe MVC programming for Hybrid apps for multiple devices ranging from Android TV, Iphone to PS4"
    },
    {
      "company": "Seçkin Yayıncılık",
      "position": "Author",
      "website": "http://www.seckin.com.tr/kitap/n/921212199/title/projelerle-php-mutlu-kocak.html",
      "startDate": "2014-10-01",
      "endDate": "2014-12-01",
      "summary": "Responsibilities\nAuthor of Book \"PHP with Projects for Beginners\"\nTechnologies and methodologies used​\nBook about PHP, MySQL, JavaScript, Jquery, Ajax, Html5, Css3, Object Oriented Programming, Content Management Systems, Wordpress, Model View Controller, Design Patterns​, JetBrains PHPStorm, Xampp, Lamp Stack\nhttp://www.seckin.com.tr/kitap/n/921212199/title/projelerle-php-mutlu-kocak.html"
    },
    {
      "company": "Golden & Silver, s.r.o",
      "position": "IT Manager",
      "website": "http://www.goldensilver.cz",
      "startDate": "2012-11-01",
      "endDate": "2013-09-01",
      "summary": "Responsibilities\nManagement & co-development of Software Projects, IT Infrastructure, virtualisation of existing business apps on Microsoft Azure Platform, leading of creative team.\nTechnologies and methodologies used\nMicrosoft Azure, Microsoft Windows Server 2008 R2, Oracle VirtualBox​"
    }
  ],
  "education": [
    {
      "institution": "Sabanci University",
      "area": "Computer Science & Engineering",
      "studyType": "Bachelor",
      "startDate": "2006-01-01",
      "endDate": "2010-01-01",
      "summary": "3D Laser Scanner and Prosthetic Production (2010)\nSupervisor of “Biogas Production using Food waste” (2007)\nSupervisor at Civic Involvement Projects of Sabanci University (2007)\nSabanci University Weather Station Project (2006)"
    },
    {
      "institution": "Prague College",
      "area": "BA Graphic Design",
      "studyType": "Bachelor",
      "startDate": "2015-01-01",
      "endDate": "2015-01-01",
      "summary": "Studied one semester"
    },
    {
      "institution": "Italian Middle & High School of Istanbul",
      "startDate": "1996-01-01",
      "endDate": "2003-01-01",
      "summary": "Fluently speaking Italian & English languages."
    }
  ],
  "awards": [
    {
      "title": "Travel Grant Winner - EuroPhyton 2015",
      "date": "2015-07-01",
      "awarder": "Google",
      "summary": "Travel Grant Winner"
    },
    {
      "title": "Travel Grant Winner - Craft 2015",
      "date": "2016-04-01",
      "awarder": "Google",
      "summary": "Travel Grant Winner"
    }
  ],
  "skills": [
    {
      "name": "PHP"
    },
    {
      "name": "MySQL"
    },
    {
      "name": "HTML5"
    },
    {
      "name": "CSS3"
    },
    {
      "name": "jQuery"
    },
    {
      "name": "Fluent Italian"
    },
    {
      "name": "Fluent English"
    },
    {
      "name": "Native Turkish"
    },
    {
      "name": "Beginner Czech"
    },
    {
      "name": "Beginner Japanese"
    }
  ]
}